{
  "er": 1.5127795943816802,
  "truth_er": 1.141497408123241,
  "mae": 11.288506444968082,
  "rmse": 17.153006871894885
}
