{
  "er": 1.5127795943816802,
  "mae": 11.288506444968082,
  "rmse": 17.153006871894885
}
