{
  "er": 11.60964047443681,
  "truth_er": 0.0,
  "mae": 0.006653906304201989,
  "rmse": 0.00771083571538205
}
