{
  "er": 1.3538286921305043,
  "mae": 10.45650971025786,
  "rmse": 16.077114771312893
}
