{
  "er": 3.23959217786423,
  "mae": 1.8871282125210826,
  "rmse": 2.376560825804221
}
