{
  "er": 3.23959217786423,
  "truth_er": 2.377523486935444,
  "mae": 1.8871282125210826,
  "rmse": 2.376560825804221
}
