{
  "er": NaN,
  "truth_er": 0.0,
  "mae": 0.006015712674953556,
  "rmse": 0.007350353598763366
}
