{
  "er": 2.6657289258573353,
  "mae": 18.55379074060448,
  "rmse": 31.85252608087822
}
