{
  "er": 1.5029002457089524,
  "truth_er": 1.141497408123241,
  "mae": 11.68406693202912,
  "rmse": 17.542125689983067
}
