{
  "er": 3.933259756198957,
  "truth_er": 2.377523486935444,
  "mae": 1.8317052148983752,
  "rmse": 2.3578880171090915
}
