{
  "er": 3.933259756198957,
  "mae": 1.8317052148983752,
  "rmse": 2.3578880171090915
}
