{
  "er": 2.6334915084558386,
  "mae": 22.176802167202833,
  "rmse": 36.0383800943629
}
