{
  "er": 3.2356090288384403,
  "mae": 1.897436469546137,
  "rmse": 2.3738457256160777
}
