{
  "er": 2.6078899312148165,
  "mae": 18.25754351347814,
  "rmse": 31.30160872847276
}
