{
  "er": 11.60964047443681,
  "mae": 0.004844482034745396,
  "rmse": 0.005530873401890248
}
